Algoritmo,Mínimo,Máximo,Média,Desvio-padrão
ILS,0.9741633955272598,11.984885428519739,7.006048516522117,3.470722851963594
Hill Climbing,5.503417258766883,71.43120256547607,27.82040011833899,15.324647634769406
