Algoritmo,Mínimo,Máximo,Média,Desvio-padrão
ILS,-5181.410403375612,-1635.2790901403562,-3598.466146254505,823.0516491773035
Hill Climbing,-726.8985063523864,518.4372521065632,44.21385711319251,309.67575983832666
