Algoritmo,Mínimo,Máximo,Média,Desvio-padrão
ILS,-6430.695248709808,-4358.288408141787,-5278.360207059418,617.200072916458
Hill Climbing,-981.9050800997932,431.78130308698564,-334.30892950078476,430.01100909418
